source_url,first_status,first_location,final_status,final_url
https://iceberg.spb.ru/trikotazhnie-polotna/100/,301,https://biflex.tkany.com/,200,https://biflex.tkany.com/
https://iceberg.spb.ru/trikotazhnie-polotna/101/,301,https://biflex.tkany.com/,200,https://biflex.tkany.com/
https://iceberg.spb.ru/trikotazhnie-polotna/102/,301,https://biflex.tkany.com/,200,https://biflex.tkany.com/
https://iceberg.spb.ru/trikotazhnie-polotna/103/,301,https://biflex.tkany.com/,200,https://biflex.tkany.com/
https://iceberg.spb.ru/trikotazhnie-polotna/104/,301,https://biflex.tkany.com/,200,https://biflex.tkany.com/
https://iceberg.spb.ru/trikotazhnie-polotna/105/,301,https://biflex.tkany.com/,200,https://biflex.tkany.com/
https://iceberg.spb.ru/trikotazhnie-polotna/106/,301,https://biflex.tkany.com/,200,https://biflex.tkany.com/
https://iceberg.spb.ru/trikotazhnie-polotna/107/,301,https://biflex.tkany.com/,200,https://biflex.tkany.com/
https://iceberg.spb.ru/trikotazhnie-polotna/108/,301,https://biflex.tkany.com/,200,https://biflex.tkany.com/
https://iceberg.spb.ru/trikotazhnie-polotna/109/,301,https://biflex.tkany.com/,200,https://biflex.tkany.com/
https://iceberg.spb.ru/trikotazhnie-polotna/110/,301,https://biflex.tkany.com/,200,https://biflex.tkany.com/
https://iceberg.spb.ru/trikotazhnie-polotna/111/,301,https://biflex.tkany.com/,200,https://biflex.tkany.com/
https://iceberg.spb.ru/trikotazhnie-polotna/112/,301,https://biflex.tkany.com/,200,https://biflex.tkany.com/
https://iceberg.spb.ru/trikotazhnie-polotna/113/,301,https://biflex.tkany.com/,200,https://biflex.tkany.com/
https://iceberg.spb.ru/trikotazhnie-polotna/117/,301,https://biflex.tkany.com/,200,https://biflex.tkany.com/
https://iceberg.spb.ru/trikotazhnie-polotna/120/,301,https://biflex.tkany.com/,200,https://biflex.tkany.com/
https://iceberg.spb.ru/trikotazhnie-polotna/130-2/,301,https://biflex.tkany.com/,200,https://biflex.tkany.com/
https://iceberg.spb.ru/trikotazhnie-polotna/131/,301,https://biflex.tkany.com/,200,https://biflex.tkany.com/
https://iceberg.spb.ru/trikotazhnie-polotna/132/,301,https://biflex.tkany.com/,200,https://biflex.tkany.com/
https://iceberg.spb.ru/trikotazhnie-polotna/133/,301,https://biflex.tkany.com/,200,https://biflex.tkany.com/
https://iceberg.spb.ru/trikotazhnie-polotna/134/,301,https://biflex.tkany.com/,200,https://biflex.tkany.com/
https://iceberg.spb.ru/trikotazhnie-polotna/135/,301,https://biflex.tkany.com/,200,https://biflex.tkany.com/
https://iceberg.spb.ru/trikotazhnie-polotna/136/,301,https://biflex.tkany.com/,200,https://biflex.tkany.com/
https://iceberg.spb.ru/trikotazhnie-polotna/137/,301,https://biflex.tkany.com/,200,https://biflex.tkany.com/
https://iceberg.spb.ru/trikotazhnie-polotna/138/,301,https://biflex.tkany.com/,200,https://biflex.tkany.com/
https://iceberg.spb.ru/trikotazhnie-polotna/139/,301,https://biflex.tkany.com/,200,https://biflex.tkany.com/
https://iceberg.spb.ru/trikotazhnie-polotna/140/,301,https://biflex.tkany.com/,200,https://biflex.tkany.com/
https://iceberg.spb.ru/trikotazhnie-polotna/141/,301,https://biflex.tkany.com/,200,https://biflex.tkany.com/
https://iceberg.spb.ru/trikotazhnie-polotna/142/,301,https://biflex.tkany.com/,200,https://biflex.tkany.com/
https://iceberg.spb.ru/trikotazhnie-polotna/143/,301,https://biflex.tkany.com/,200,https://biflex.tkany.com/
https://iceberg.spb.ru/trikotazhnie-polotna/150/,301,https://biflex.tkany.com/,200,https://biflex.tkany.com/
https://iceberg.spb.ru/trikotazhnie-polotna/151/,301,https://biflex.tkany.com/,200,https://biflex.tkany.com/
https://iceberg.spb.ru/trikotazhnie-polotna/152/,301,https://biflex.tkany.com/,200,https://biflex.tkany.com/
https://iceberg.spb.ru/trikotazhnie-polotna/155/,301,https://biflex.tkany.com/,200,https://biflex.tkany.com/
https://iceberg.spb.ru/trikotazhnie-polotna/170/,301,https://biflex.tkany.com/,200,https://biflex.tkany.com/
https://iceberg.spb.ru/trikotazhnie-polotna/171/,301,https://biflex.tkany.com/,200,https://biflex.tkany.com/
https://iceberg.spb.ru/trikotazhnie-polotna/172-2/,301,https://biflex.tkany.com/,200,https://biflex.tkany.com/
https://iceberg.spb.ru/trikotazhnie-polotna/173/,301,https://biflex.tkany.com/,200,https://biflex.tkany.com/
https://iceberg.spb.ru/trikotazhnie-polotna/174/,301,https://biflex.tkany.com/,200,https://biflex.tkany.com/
https://iceberg.spb.ru/trikotazhnie-polotna/175/,301,https://biflex.tkany.com/,200,https://biflex.tkany.com/
https://iceberg.spb.ru/trikotazhnie-polotna/176/,301,https://biflex.tkany.com/,200,https://biflex.tkany.com/
https://iceberg.spb.ru/trikotazhnie-polotna/177/,301,https://biflex.tkany.com/,200,https://biflex.tkany.com/
https://iceberg.spb.ru/trikotazhnie-polotna/178/,301,https://biflex.tkany.com/,200,https://biflex.tkany.com/
https://iceberg.spb.ru/trikotazhnie-polotna/180/,301,https://biflex.tkany.com/,200,https://biflex.tkany.com/
https://iceberg.spb.ru/trikotazhnie-polotna/181/,301,https://biflex.tkany.com/,200,https://biflex.tkany.com/
https://iceberg.spb.ru/trikotazhnie-polotna/200/,301,https://biflex.tkany.com/,200,https://biflex.tkany.com/
https://iceberg.spb.ru/trikotazhnie-polotna/210/,301,https://biflex.tkany.com/,200,https://biflex.tkany.com/
https://iceberg.spb.ru/trikotazhnie-polotna/230/,301,https://biflex.tkany.com/,200,https://biflex.tkany.com/
https://iceberg.spb.ru/trikotazhnie-polotna/300/,301,https://biflex.tkany.com/,200,https://biflex.tkany.com/
https://iceberg.spb.ru/trikotazhnie-polotna/310/,301,https://biflex.tkany.com/,200,https://biflex.tkany.com/
https://iceberg.spb.ru/trikotazhnie-polotna/330/,301,https://biflex.tkany.com/,200,https://biflex.tkany.com/
https://iceberg.spb.ru/trikotazhnie-polotna/340/,301,https://biflex.tkany.com/,200,https://biflex.tkany.com/
https://iceberg.spb.ru/trikotazhnie-polotna/350/,301,https://biflex.tkany.com/,200,https://biflex.tkany.com/
https://iceberg.spb.ru/trikotazhnie-polotna/360/,301,https://biflex.tkany.com/,200,https://biflex.tkany.com/
https://iceberg.spb.ru/trikotazhnie-polotna/400/,301,https://biflex.tkany.com/,200,https://biflex.tkany.com/
https://iceberg.spb.ru/trikotazhnie-polotna/401/,301,https://biflex.tkany.com/,200,https://biflex.tkany.com/
https://iceberg.spb.ru/trikotazhnie-polotna/403/,301,https://biflex.tkany.com/,200,https://biflex.tkany.com/
https://iceberg.spb.ru/trikotazhnie-polotna/410/,301,https://biflex.tkany.com/,200,https://biflex.tkany.com/
https://iceberg.spb.ru/trikotazhnie-polotna/411/,301,https://biflex.tkany.com/,200,https://biflex.tkany.com/
https://iceberg.spb.ru/trikotazhnie-polotna/412/,301,https://biflex.tkany.com/,200,https://biflex.tkany.com/
https://iceberg.spb.ru/trikotazhnie-polotna/413/,301,https://biflex.tkany.com/,200,https://biflex.tkany.com/
https://iceberg.spb.ru/trikotazhnie-polotna/420/,301,https://biflex.tkany.com/,200,https://biflex.tkany.com/
https://iceberg.spb.ru/trikotazhnie-polotna/421/,301,https://biflex.tkany.com/,200,https://biflex.tkany.com/
https://iceberg.spb.ru/trikotazhnie-polotna/422/,301,https://biflex.tkany.com/,200,https://biflex.tkany.com/
https://iceberg.spb.ru/trikotazhnie-polotna/430/,301,https://biflex.tkany.com/,200,https://biflex.tkany.com/
https://iceberg.spb.ru/trikotazhnie-polotna/440-2/,301,https://biflex.tkany.com/,200,https://biflex.tkany.com/
https://iceberg.spb.ru/trikotazhnie-polotna/450/,301,https://biflex.tkany.com/,200,https://biflex.tkany.com/
https://iceberg.spb.ru/trikotazhnie-polotna/460/,301,https://biflex.tkany.com/,200,https://biflex.tkany.com/
https://iceberg.spb.ru/trikotazhnie-polotna/480/,301,https://biflex.tkany.com/,200,https://biflex.tkany.com/
https://iceberg.spb.ru/trikotazhnie-polotna/481/,301,https://biflex.tkany.com/,200,https://biflex.tkany.com/
https://iceberg.spb.ru/trikotazhnie-polotna/500/,301,https://biflex.tkany.com/,200,https://biflex.tkany.com/
https://iceberg.spb.ru/trikotazhnie-polotna/501/,301,https://biflex.tkany.com/,200,https://biflex.tkany.com/
https://iceberg.spb.ru/trikotazhnie-polotna/502/,301,https://biflex.tkany.com/,200,https://biflex.tkany.com/
https://iceberg.spb.ru/trikotazhnie-polotna/503/,301,https://biflex.tkany.com/,200,https://biflex.tkany.com/
https://iceberg.spb.ru/trikotazhnie-polotna/510/,301,https://biflex.tkany.com/,200,https://biflex.tkany.com/
https://iceberg.spb.ru/trikotazhnie-polotna/520/,301,https://biflex.tkany.com/,200,https://biflex.tkany.com/
https://iceberg.spb.ru/trikotazhnie-polotna/530/,301,https://biflex.tkany.com/,200,https://biflex.tkany.com/
https://iceberg.spb.ru/trikotazhnie-polotna/540/,301,https://biflex.tkany.com/,200,https://biflex.tkany.com/
https://iceberg.spb.ru/trikotazhnie-polotna/541/,301,https://biflex.tkany.com/,200,https://biflex.tkany.com/
https://iceberg.spb.ru/trikotazhnie-polotna/543/,301,https://biflex.tkany.com/,200,https://biflex.tkany.com/
https://iceberg.spb.ru/trikotazhnie-polotna/550/,301,https://biflex.tkany.com/,200,https://biflex.tkany.com/
https://iceberg.spb.ru/trikotazhnie-polotna/551/,301,https://biflex.tkany.com/,200,https://biflex.tkany.com/
https://iceberg.spb.ru/trikotazhnie-polotna/552/,301,https://biflex.tkany.com/,200,https://biflex.tkany.com/
https://iceberg.spb.ru/trikotazhnie-polotna/553/,301,https://biflex.tkany.com/,200,https://biflex.tkany.com/
https://iceberg.spb.ru/trikotazhnie-polotna/554/,301,https://biflex.tkany.com/,200,https://biflex.tkany.com/
https://iceberg.spb.ru/trikotazhnie-polotna/560/,301,https://biflex.tkany.com/,200,https://biflex.tkany.com/
https://iceberg.spb.ru/trikotazhnie-polotna/570/,301,https://biflex.tkany.com/,200,https://biflex.tkany.com/
https://iceberg.spb.ru/trikotazhnie-polotna/620/,301,https://biflex.tkany.com/,200,https://biflex.tkany.com/
https://iceberg.spb.ru/trikotazhnie-polotna/кружевное-полотно-однотонноокрашенн/,301,https://biflex.tkany.com/,200,https://biflex.tkany.com/
https://iceberg.spb.ru/trikotazhnie-polotna/однотон-матовый-китай-179/,301,https://biflex.tkany.com/,200,https://biflex.tkany.com/
https://iceberg.spb.ru/trikotazhnie-polotna/трикотажное-полотно-однотонное-кита/,301,https://biflex.tkany.com/,200,https://biflex.tkany.com/
https://iceberg.spb.ru/trikotazhnie-tkani/100/,301,https://iceberg.spb.ru/trikotazhnie-polotna/100/,200,https://biflex.tkany.com/
https://iceberg.spb.ru/trikotazhnie-tkani/101/,301,https://iceberg.spb.ru/trikotazhnie-polotna/101/,200,https://biflex.tkany.com/
https://iceberg.spb.ru/trikotazhnie-tkani/102/,301,https://iceberg.spb.ru/trikotazhnie-polotna/102/,200,https://biflex.tkany.com/
https://iceberg.spb.ru/trikotazhnie-tkani/103/,301,https://iceberg.spb.ru/trikotazhnie-polotna/103/,200,https://biflex.tkany.com/
https://iceberg.spb.ru/trikotazhnie-tkani/104/,301,https://iceberg.spb.ru/trikotazhnie-polotna/104/,200,https://biflex.tkany.com/
https://iceberg.spb.ru/trikotazhnie-tkani/105/,301,https://iceberg.spb.ru/trikotazhnie-polotna/105/,200,https://biflex.tkany.com/
https://iceberg.spb.ru/trikotazhnie-tkani/106/,301,https://iceberg.spb.ru/trikotazhnie-polotna/106/,200,https://biflex.tkany.com/
https://iceberg.spb.ru/trikotazhnie-tkani/107/,301,https://iceberg.spb.ru/trikotazhnie-polotna/107/,200,https://biflex.tkany.com/
https://iceberg.spb.ru/trikotazhnie-tkani/108/,301,https://iceberg.spb.ru/trikotazhnie-polotna/108/,200,https://biflex.tkany.com/
https://iceberg.spb.ru/trikotazhnie-tkani/109/,301,https://iceberg.spb.ru/trikotazhnie-polotna/109/,200,https://biflex.tkany.com/
https://iceberg.spb.ru/trikotazhnie-tkani/110/,301,https://iceberg.spb.ru/trikotazhnie-polotna/110/,200,https://biflex.tkany.com/
https://iceberg.spb.ru/trikotazhnie-tkani/111/,301,https://iceberg.spb.ru/trikotazhnie-polotna/111/,200,https://biflex.tkany.com/
https://iceberg.spb.ru/trikotazhnie-tkani/112/,301,https://iceberg.spb.ru/trikotazhnie-polotna/112/,200,https://biflex.tkany.com/
https://iceberg.spb.ru/trikotazhnie-tkani/117/,301,https://iceberg.spb.ru/trikotazhnie-polotna/117/,200,https://biflex.tkany.com/
https://iceberg.spb.ru/trikotazhnie-tkani/120/,301,https://iceberg.spb.ru/trikotazhnie-polotna/120/,200,https://biflex.tkany.com/
https://iceberg.spb.ru/trikotazhnie-tkani/130/,301,https://iceberg.spb.ru/?p=187,404,https://iceberg.spb.ru/?p=187
https://iceberg.spb.ru/trikotazhnie-tkani/131/,301,https://iceberg.spb.ru/trikotazhnie-polotna/131/,200,https://biflex.tkany.com/
https://iceberg.spb.ru/trikotazhnie-tkani/132/,301,https://iceberg.spb.ru/trikotazhnie-polotna/132/,200,https://biflex.tkany.com/
https://iceberg.spb.ru/trikotazhnie-tkani/133/,301,https://iceberg.spb.ru/trikotazhnie-polotna/133/,200,https://biflex.tkany.com/
https://iceberg.spb.ru/trikotazhnie-tkani/134/,301,https://iceberg.spb.ru/trikotazhnie-polotna/134/,200,https://biflex.tkany.com/
https://iceberg.spb.ru/trikotazhnie-tkani/135/,301,https://iceberg.spb.ru/trikotazhnie-polotna/135/,200,https://biflex.tkany.com/
https://iceberg.spb.ru/trikotazhnie-tkani/136/,301,https://iceberg.spb.ru/trikotazhnie-polotna/136/,200,https://biflex.tkany.com/
https://iceberg.spb.ru/trikotazhnie-tkani/137/,301,https://iceberg.spb.ru/trikotazhnie-polotna/137/,200,https://biflex.tkany.com/
https://iceberg.spb.ru/trikotazhnie-tkani/138/,301,https://iceberg.spb.ru/trikotazhnie-polotna/138/,200,https://biflex.tkany.com/
https://iceberg.spb.ru/trikotazhnie-tkani/139/,301,https://iceberg.spb.ru/trikotazhnie-polotna/139/,200,https://biflex.tkany.com/
https://iceberg.spb.ru/trikotazhnie-tkani/140/,301,https://iceberg.spb.ru/trikotazhnie-polotna/140/,200,https://biflex.tkany.com/
https://iceberg.spb.ru/trikotazhnie-tkani/141/,301,https://iceberg.spb.ru/trikotazhnie-polotna/141/,200,https://biflex.tkany.com/
https://iceberg.spb.ru/trikotazhnie-tkani/142/,301,https://iceberg.spb.ru/trikotazhnie-polotna/142/,200,https://biflex.tkany.com/
https://iceberg.spb.ru/trikotazhnie-tkani/143/,301,https://iceberg.spb.ru/trikotazhnie-polotna/143/,200,https://biflex.tkany.com/
https://iceberg.spb.ru/trikotazhnie-tkani/150/,301,https://iceberg.spb.ru/trikotazhnie-polotna/150/,200,https://biflex.tkany.com/
https://iceberg.spb.ru/trikotazhnie-tkani/151/,301,https://iceberg.spb.ru/trikotazhnie-polotna/151/,200,https://biflex.tkany.com/
https://iceberg.spb.ru/trikotazhnie-tkani/152/,301,https://iceberg.spb.ru/trikotazhnie-polotna/152/,200,https://biflex.tkany.com/
https://iceberg.spb.ru/trikotazhnie-tkani/155/,301,https://iceberg.spb.ru/trikotazhnie-polotna/155/,200,https://biflex.tkany.com/
https://iceberg.spb.ru/trikotazhnie-tkani/170/,301,https://iceberg.spb.ru/trikotazhnie-polotna/170/,200,https://biflex.tkany.com/
https://iceberg.spb.ru/trikotazhnie-tkani/171/,301,https://iceberg.spb.ru/trikotazhnie-polotna/171/,200,https://biflex.tkany.com/
https://iceberg.spb.ru/trikotazhnie-tkani/172/,301,https://iceberg.spb.ru/trikotazhnie-polotna/172-2/,200,https://biflex.tkany.com/
https://iceberg.spb.ru/trikotazhnie-tkani/173/,301,https://iceberg.spb.ru/trikotazhnie-polotna/173/,200,https://biflex.tkany.com/
https://iceberg.spb.ru/trikotazhnie-tkani/174/,301,https://iceberg.spb.ru/trikotazhnie-polotna/174/,200,https://biflex.tkany.com/
https://iceberg.spb.ru/trikotazhnie-tkani/175/,301,https://iceberg.spb.ru/trikotazhnie-polotna/175/,200,https://biflex.tkany.com/
https://iceberg.spb.ru/trikotazhnie-tkani/176/,301,https://iceberg.spb.ru/trikotazhnie-polotna/176/,200,https://biflex.tkany.com/
https://iceberg.spb.ru/trikotazhnie-tkani/177/,301,https://iceberg.spb.ru/trikotazhnie-polotna/177/,200,https://biflex.tkany.com/
https://iceberg.spb.ru/trikotazhnie-tkani/178/,301,https://iceberg.spb.ru/trikotazhnie-polotna/178/,200,https://biflex.tkany.com/
https://iceberg.spb.ru/trikotazhnie-tkani/179/,404,,404,https://iceberg.spb.ru/trikotazhnie-tkani/179/
https://iceberg.spb.ru/trikotazhnie-tkani/180/,301,https://iceberg.spb.ru/trikotazhnie-polotna/180/,200,https://biflex.tkany.com/
https://iceberg.spb.ru/trikotazhnie-tkani/181/,301,https://iceberg.spb.ru/trikotazhnie-polotna/181/,200,https://biflex.tkany.com/
https://iceberg.spb.ru/trikotazhnie-tkani/200/,301,https://iceberg.spb.ru/trikotazhnie-polotna/200/,200,https://biflex.tkany.com/
https://iceberg.spb.ru/trikotazhnie-tkani/210/,301,https://iceberg.spb.ru/trikotazhnie-polotna/210/,200,https://biflex.tkany.com/
https://iceberg.spb.ru/trikotazhnie-tkani/230/,301,https://iceberg.spb.ru/trikotazhnie-polotna/230/,200,https://biflex.tkany.com/
https://iceberg.spb.ru/trikotazhnie-tkani/300/,301,https://iceberg.spb.ru/trikotazhnie-polotna/300/,200,https://biflex.tkany.com/
https://iceberg.spb.ru/trikotazhnie-tkani/310/,301,https://iceberg.spb.ru/trikotazhnie-polotna/310/,200,https://biflex.tkany.com/
https://iceberg.spb.ru/trikotazhnie-tkani/340/,301,https://iceberg.spb.ru/trikotazhnie-polotna/340/,200,https://biflex.tkany.com/
https://iceberg.spb.ru/trikotazhnie-tkani/350/,301,https://iceberg.spb.ru/trikotazhnie-polotna/350/,200,https://biflex.tkany.com/
https://iceberg.spb.ru/trikotazhnie-tkani/400/,301,https://iceberg.spb.ru/trikotazhnie-polotna/400/,200,https://biflex.tkany.com/
https://iceberg.spb.ru/trikotazhnie-tkani/401/,301,https://iceberg.spb.ru/trikotazhnie-polotna/401/,200,https://biflex.tkany.com/
https://iceberg.spb.ru/trikotazhnie-tkani/402/,404,,404,https://iceberg.spb.ru/trikotazhnie-tkani/402/
https://iceberg.spb.ru/trikotazhnie-tkani/403/,301,https://iceberg.spb.ru/trikotazhnie-polotna/403/,200,https://biflex.tkany.com/
https://iceberg.spb.ru/trikotazhnie-tkani/410/,301,https://iceberg.spb.ru/trikotazhnie-polotna/410/,200,https://biflex.tkany.com/
https://iceberg.spb.ru/trikotazhnie-tkani/411/,301,https://iceberg.spb.ru/trikotazhnie-polotna/411/,200,https://biflex.tkany.com/
https://iceberg.spb.ru/trikotazhnie-tkani/412/,301,https://iceberg.spb.ru/trikotazhnie-polotna/412/,200,https://biflex.tkany.com/
https://iceberg.spb.ru/trikotazhnie-tkani/420/,301,https://iceberg.spb.ru/trikotazhnie-polotna/420/,200,https://biflex.tkany.com/
https://iceberg.spb.ru/trikotazhnie-tkani/421/,301,https://iceberg.spb.ru/trikotazhnie-polotna/421/,200,https://biflex.tkany.com/
https://iceberg.spb.ru/trikotazhnie-tkani/422/,301,https://iceberg.spb.ru/trikotazhnie-polotna/422/,200,https://biflex.tkany.com/
https://iceberg.spb.ru/trikotazhnie-tkani/430/,301,https://iceberg.spb.ru/trikotazhnie-polotna/430/,200,https://biflex.tkany.com/
https://iceberg.spb.ru/trikotazhnie-tkani/440/,301,https://iceberg.spb.ru/trikotazhnie-polotna/440-2/,200,https://biflex.tkany.com/
https://iceberg.spb.ru/trikotazhnie-tkani/450/,301,https://iceberg.spb.ru/trikotazhnie-polotna/450/,200,https://biflex.tkany.com/
https://iceberg.spb.ru/trikotazhnie-tkani/460/,301,https://iceberg.spb.ru/trikotazhnie-polotna/460/,200,https://biflex.tkany.com/
https://iceberg.spb.ru/trikotazhnie-tkani/480/,301,https://iceberg.spb.ru/trikotazhnie-polotna/480/,200,https://biflex.tkany.com/
https://iceberg.spb.ru/trikotazhnie-tkani/481/,301,https://iceberg.spb.ru/trikotazhnie-polotna/481/,200,https://biflex.tkany.com/
https://iceberg.spb.ru/trikotazhnie-tkani/500/,301,https://iceberg.spb.ru/trikotazhnie-polotna/500/,200,https://biflex.tkany.com/
https://iceberg.spb.ru/trikotazhnie-tkani/501/,301,https://iceberg.spb.ru/trikotazhnie-polotna/501/,200,https://biflex.tkany.com/
https://iceberg.spb.ru/trikotazhnie-tkani/502/,301,https://iceberg.spb.ru/trikotazhnie-polotna/502/,200,https://biflex.tkany.com/
https://iceberg.spb.ru/trikotazhnie-tkani/503/,301,https://iceberg.spb.ru/trikotazhnie-polotna/503/,200,https://biflex.tkany.com/
https://iceberg.spb.ru/trikotazhnie-tkani/510/,301,https://iceberg.spb.ru/trikotazhnie-polotna/510/,200,https://biflex.tkany.com/
https://iceberg.spb.ru/trikotazhnie-tkani/520/,301,https://iceberg.spb.ru/trikotazhnie-polotna/520/,200,https://biflex.tkany.com/
https://iceberg.spb.ru/trikotazhnie-tkani/530/,301,https://iceberg.spb.ru/trikotazhnie-polotna/530/,200,https://biflex.tkany.com/
https://iceberg.spb.ru/trikotazhnie-tkani/540/,301,https://iceberg.spb.ru/trikotazhnie-polotna/540/,200,https://biflex.tkany.com/
https://iceberg.spb.ru/trikotazhnie-tkani/541/,301,https://iceberg.spb.ru/trikotazhnie-polotna/541/,200,https://biflex.tkany.com/
https://iceberg.spb.ru/trikotazhnie-tkani/543/,301,https://iceberg.spb.ru/trikotazhnie-polotna/543/,200,https://biflex.tkany.com/
https://iceberg.spb.ru/trikotazhnie-tkani/550/,301,https://iceberg.spb.ru/trikotazhnie-polotna/550/,200,https://biflex.tkany.com/
https://iceberg.spb.ru/trikotazhnie-tkani/551/,301,https://iceberg.spb.ru/trikotazhnie-polotna/551/,200,https://biflex.tkany.com/
https://iceberg.spb.ru/trikotazhnie-tkani/553/,301,https://iceberg.spb.ru/trikotazhnie-polotna/553/,200,https://biflex.tkany.com/
https://iceberg.spb.ru/trikotazhnie-tkani/554/,301,https://iceberg.spb.ru/trikotazhnie-polotna/554/,200,https://biflex.tkany.com/
https://iceberg.spb.ru/trikotazhnie-tkani/555/,404,,404,https://iceberg.spb.ru/trikotazhnie-tkani/555/
https://iceberg.spb.ru/trikotazhnie-tkani/560/,301,https://iceberg.spb.ru/trikotazhnie-polotna/560/,200,https://biflex.tkany.com/
https://iceberg.spb.ru/trikotazhnie-tkani/570/,301,https://iceberg.spb.ru/trikotazhnie-polotna/570/,200,https://biflex.tkany.com/
https://iceberg.spb.ru/trikotazhnie-tkani/620/,301,https://iceberg.spb.ru/trikotazhnie-polotna/620/,200,https://biflex.tkany.com/
